{
  "project_info": {
    "project_number": "512453833500",
    "project_id": "taxcare-7fcdc",
    "storage_bucket": "taxcare-7fcdc.appspot.com"
  },
  "client": [
    {
      "client_info": {
        "mobilesdk_app_id": "1:512453833500:android:dba3a0a6d5929901c440d9",
        "android_client_info": {
          "package_name": "com.flutterflow.taxcare"
        }
      },
      "oauth_client": [
        {
          "client_id": "512453833500-bnk5inl6md7k17ahlnbvl1jg89tdsab5.apps.googleusercontent.com",
          "client_type": 1,
          "android_info": {
            "package_name": "com.flutterflow.taxcare",
            "certificate_hash": "9bbb3186b2189ef16d8f272bdab59362c395cbb4"
          }
        },
        {
          "client_id": "512453833500-am3tvruj7nfgg6ji6gjr9it5ngucroio.apps.googleusercontent.com",
          "client_type": 3
        }
      ],
      "api_key": [
        {
          "current_key": "AIzaSyC-2Rp9zcDK4mwCYVUIT_0urKuQkjniOFU"
        }
      ],
      "services": {
        "appinvite_service": {
          "other_platform_oauth_client": [
            {
              "client_id": "512453833500-am3tvruj7nfgg6ji6gjr9it5ngucroio.apps.googleusercontent.com",
              "client_type": 3
            },
            {
              "client_id": "512453833500-rhpnvlgklrsqvna9n8lcrhm7jcvpc9v6.apps.googleusercontent.com",
              "client_type": 2,
              "ios_info": {
                "bundle_id": "com.flutterflow.taxcare"
              }
            }
          ]
        }
      }
    }
  ],
  "configuration_version": "1"
}